case_id	slide_id	True_Label	FUT	Survival
C3N-00953	C3N-00953-27	Alive	1785.0	0
C3N-00168	C3N-00168-23	Alive	826.0	0
C3L-01885	C3L-01885-21	Alive	342.0	0
C3L-01313	C3L-01313-23	Dead	1229.0	1
C3L-00907	C3L-00907-22	Alive	1791.0	0
C3N-00495	C3N-00495-22	Alive	1779.0	0
C3N-00733	C3N-00733-23	Alive	1464.0	0
C3N-00314	C3N-00314-22	Dead	126.0	1
C3N-00315	C3N-00315-23	Alive	1861.0	0
C3N-00380	C3N-00380-26	Alive	662.0	0
C3N-01178	C3N-01178-22	Alive	1703.0	0
C3N-01261	C3N-01261-23	Alive	680.0	0
C3N-00380	C3N-00380-24	Alive	662.0	0
C3N-01524	C3N-01524-22	Alive	694.0	0
C3L-01836	C3L-01836-22	Alive	1575.0	0
C3N-01651	C3N-01651-25	Alive	1942.0	0
C3N-00168	C3N-00168-27	Alive	826.0	0
C3L-00583	C3L-00583-22	Alive	301.0	0
C3L-01281	C3L-01281-22	Alive	1779.0	0
C3L-00791	C3L-00791-21	Alive	708.0	0
C3N-00246	C3N-00246-26	Alive	2006.0	0
C3N-01220	C3N-01220-21	Dead	633.0	1
C3N-00733	C3N-00733-26	Alive	1464.0	0
C3N-01524	C3N-01524-23	Alive	694.0	0
C3L-00908	C3L-00908-21	Alive	1785.0	0
C3L-00583	C3L-00583-21	Alive	301.0	0
C3N-00177	C3N-00177-26	Alive	841.0	0
C3N-01649	C3N-01649-22	Alive	1943.0	0
C3L-01885	C3L-01885-22	Alive	342.0	0
C3L-00765	C3L-00765-21	Alive	1414.0	0
C3N-00320	C3N-00320-22	Alive	1849.0	0
C3N-00312	C3N-00312-25	Alive	1888.0	0
C3N-00733	C3N-00733-21	Alive	1464.0	0
C3N-00177	C3N-00177-22	Alive	841.0	0
C3L-01287	C3L-01287-26	Dead	633.0	1
C3N-00437	C3N-00437-21	Dead	1637.0	1
C3L-01603	C3L-01603-22	Alive	1765.0	0
C3L-00910	C3L-00910-22	Alive	1797.0	0
C3N-01522	C3N-01522-21	Alive	692.0	0
C3N-00437	C3N-00437-25	Dead	1637.0	1
C3L-00360	C3L-00360-26	Alive	1780.0	0
C3L-01861	C3L-01861-23	Alive	1761.0	0
C3N-00494	C3N-00494-25	Alive	1786.0	0
C3L-00581	C3L-00581-21	Dead	1230.0	1
C3L-00910	C3L-00910-21	Alive	1797.0	0
C3L-00907	C3L-00907-23	Alive	1791.0	0
C3N-00314	C3N-00314-23	Dead	126.0	1
C3L-00026	C3L-00026-21	Alive	1769.0	0
C3N-01648	C3N-01648-22	Alive	1939.0	0
C3L-00360	C3L-00360-21	Alive	1780.0	0
C3N-00320	C3N-00320-21	Alive	1849.0	0
C3N-00194	C3N-00194-22	Alive	208.0	0
C3L-00360	C3L-00360-22	Alive	1780.0	0
C3N-00312	C3N-00312-22	Alive	1888.0	0
C3L-00448	C3L-00448-26	Alive	1758.0	0
C3N-00577	C3N-00577-26	Alive	397.0	0
C3L-00800	C3L-00800-22	Alive	344.0	0
C3N-00834	C3N-00834-25	Alive	1755.0	0
C3N-00852	C3N-00852-23	Alive	620.0	0
C3L-00416	C3L-00416-26	Alive	608.0	0
C3N-00831	C3N-00831-25	Dead	452.0	1
C3N-00390	C3N-00390-21	Alive	687.0	0
C3N-01522	C3N-01522-23	Alive	692.0	0
C3L-00917	C3L-00917-26	Alive	1783.0	0
C3L-01286	C3L-01286-23	Dead	1028.0	1
C3N-00491	C3N-00491-24	Dead	99.0	1
C3L-00448	C3L-00448-21	Alive	1758.0	0
C3N-00390	C3N-00390-22	Alive	687.0	0
C3L-01861	C3L-01861-21	Alive	1761.0	0
C3N-00494	C3N-00494-23	Alive	1786.0	0
C3N-00177	C3N-00177-23	Alive	841.0	0
C3L-00010	C3L-00010-26	Alive	896.0	0
C3N-01648	C3N-01648-28	Alive	1939.0	0
C3N-00491	C3N-00491-23	Dead	99.0	1
C3L-00607	C3L-00607-21	Dead	781.0	1
C3N-01651	C3N-01651-21	Alive	1942.0	0
C3N-01214	C3N-01214-22	Alive	653.0	0
C3N-01200	C3N-01200-23	Dead	47.0	1
C3L-00917	C3L-00917-21	Alive	1783.0	0
C3L-01283	C3L-01283-21	Alive	735.0	0
C3L-01603	C3L-01603-23	Alive	1765.0	0
C3N-01261	C3N-01261-22	Alive	680.0	0
C3N-00953	C3N-00953-26	Alive	1785.0	0
C3L-00103	C3L-00103-22	Dead	1659.0	1
C3L-01885	C3L-01885-23	Alive	342.0	0
C3L-00026	C3L-00026-26	Alive	1769.0	0
C3N-00320	C3N-00320-23	Alive	1849.0	0
C3N-00314	C3N-00314-25	Dead	126.0	1
C3N-00380	C3N-00380-23	Alive	662.0	0
C3N-00494	C3N-00494-24	Alive	1786.0	0
C3L-01287	C3L-01287-21	Dead	633.0	1
C3L-00183	C3L-00183-26	Alive	227.0	0
C3L-00079	C3L-00079-26	Dead	274.0	1
C3N-01808	C3N-01808-27	Alive	778.0	0
C3N-00577	C3N-00577-22	Alive	397.0	0
C3N-00168	C3N-00168-24	Alive	826.0	0
C3L-00183	C3L-00183-24	Alive	227.0	0
C3N-01646	C3N-01646-30	Alive	1952.0	0
C3N-00314	C3N-00314-24	Dead	126.0	1
C3L-00902	C3L-00902-26	Alive	1791.0	0
C3L-00907	C3L-00907-26	Alive	1791.0	0
C3L-01603	C3L-01603-21	Alive	1765.0	0
C3L-01836	C3L-01836-26	Alive	1575.0	0
C3L-00447	C3L-00447-21	Alive	671.0	0
C3L-01352	C3L-01352-22	Alive	233.0	0
C3N-00491	C3N-00491-25	Dead	99.0	1
C3L-01281	C3L-01281-26	Alive	1779.0	0
C3L-00369	C3L-00369-22	Dead	91.0	1
C3N-00494	C3N-00494-22	Alive	1786.0	0
C3L-00606	C3L-00606-23	Dead	1045.0	1
C3L-00418	C3L-00418-23	Alive	1714.0	0
C3N-01808	C3N-01808-21	Alive	778.0	0
C3L-01302	C3L-01302-23	Dead	55.0	1
C3N-00242	C3N-00242-21	Alive	1793.0	0
C3L-01607	C3L-01607-26	Alive	1794.0	0
C3L-01603	C3L-01603-26	Alive	1765.0	0
C3N-01214	C3N-01214-26	Alive	653.0	0
C3L-01861	C3L-01861-26	Alive	1761.0	0
C3L-00799	C3L-00799-21	Alive	495.0	0
C3N-01649	C3N-01649-30	Alive	1943.0	0
C3L-00418	C3L-00418-22	Alive	1714.0	0
C3L-01302	C3L-01302-26	Dead	55.0	1
C3L-01352	C3L-01352-21	Alive	233.0	0
C3N-00194	C3N-00194-24	Alive	208.0	0
C3L-01287	C3L-01287-23	Dead	633.0	1
C3L-00790	C3L-00790-21	Alive	441.0	0
C3N-00852	C3N-00852-22	Alive	620.0	0
C3L-00607	C3L-00607-22	Dead	781.0	1
C3L-00097	C3L-00097-21	Alive	1735.0	0
C3N-00437	C3N-00437-23	Dead	1637.0	1
C3N-01200	C3N-01200-24	Dead	47.0	1
C3L-00088	C3L-00088-26	Dead	694.0	1
C3N-00194	C3N-00194-26	Alive	208.0	0
C3L-00447	C3L-00447-23	Alive	671.0	0
C3L-01288	C3L-01288-22	Alive	1800.0	0
C3L-00096	C3L-00096-26	Dead	71.0	1
C3N-01179	C3N-01179-21	Alive	1816.0	0
C3L-00011	C3L-00011-21	Dead	241.0	1
C3L-00917	C3L-00917-23	Alive	1783.0	0
C3L-00902	C3L-00902-22	Alive	1791.0	0
C3L-00418	C3L-00418-26	Alive	1714.0	0
C3N-00168	C3N-00168-21	Alive	826.0	0
C3L-00561	C3L-00561-22	Alive	1796.0	0
C3N-01361	C3N-01361-21	Alive	1811.0	0
C3L-01607	C3L-01607-21	Alive	1794.0	0
C3L-00907	C3L-00907-21	Alive	1791.0	0
C3N-00194	C3N-00194-21	Alive	208.0	0
C3L-01882	C3L-01882-21	Alive	350.0	0
C3N-00390	C3N-00390-23	Alive	687.0	0
C3N-01646	C3N-01646-21	Alive	1952.0	0
C3N-00831	C3N-00831-21	Dead	452.0	1
C3N-01213	C3N-01213-26	Alive	654.0	0
C3N-00437	C3N-00437-22	Dead	1637.0	1
C3L-00369	C3L-00369-23	Dead	91.0	1
C3N-01220	C3N-01220-26	Dead	633.0	1
C3N-01176	C3N-01176-21	Alive	1710.0	0
C3N-00733	C3N-00733-22	Alive	1464.0	0
C3N-00305	C3N-00305-21	Alive	1913.0	0
C3L-00416	C3L-00416-22	Alive	608.0	0
C3N-00577	C3N-00577-27	Alive	397.0	0
C3L-01553	C3L-01553-21	Alive	384.0	0
C3N-00177	C3N-00177-21	Alive	841.0	0
C3N-01808	C3N-01808-22	Alive	778.0	0
C3N-00380	C3N-00380-22	Alive	662.0	0
C3L-01861	C3L-01861-22	Alive	1761.0	0
C3N-00312	C3N-00312-24	Alive	1888.0	0
C3N-00315	C3N-00315-24	Alive	1861.0	0
C3L-00447	C3L-00447-22	Alive	671.0	0
C3L-00581	C3L-00581-22	Dead	1230.0	1
C3N-01200	C3N-01200-22	Dead	47.0	1
C3N-00390	C3N-00390-26	Alive	687.0	0
C3L-01281	C3L-01281-23	Alive	1779.0	0
C3L-00796	C3L-00796-21	Alive	333.0	0
C3L-00766	C3L-00766-21	Alive	266.0	0
C3N-00310	C3N-00310-22	Dead	1623.0	1
C3N-00390	C3N-00390-27	Alive	687.0	0
C3N-00177	C3N-00177-27	Alive	841.0	0
C3L-00418	C3L-00418-21	Alive	1714.0	0
C3L-01885	C3L-01885-26	Alive	342.0	0
C3L-01557	C3L-01557-21	Alive	329.0	0
C3N-00305	C3N-00305-22	Alive	1913.0	0
C3N-00852	C3N-00852-21	Alive	620.0	0
C3L-00103	C3L-00103-21	Dead	1659.0	1
C3L-00183	C3L-00183-22	Alive	227.0	0
C3N-00491	C3N-00491-22	Dead	99.0	1
C3L-00369	C3L-00369-21	Dead	91.0	1
C3N-00390	C3N-00390-24	Alive	687.0	0
C3N-01651	C3N-01651-30	Alive	1942.0	0
C3N-00953	C3N-00953-21	Alive	1785.0	0
C3L-00004	C3L-00004-26	Alive	384.0	0
C3N-00310	C3N-00310-24	Dead	1623.0	1
C3N-00495	C3N-00495-25	Alive	1779.0	0
C3N-00315	C3N-00315-21	Alive	1861.0	0
C3L-00561	C3L-00561-26	Alive	1796.0	0
C3L-00581	C3L-00581-23	Dead	1230.0	1
C3L-00606	C3L-00606-21	Dead	1045.0	1
C3N-00244	C3N-00244-26	Alive	728.0	0
C3N-00315	C3N-00315-22	Alive	1861.0	0
C3N-01179	C3N-01179-25	Alive	1816.0	0
C3L-01287	C3L-01287-22	Dead	633.0	1
C3L-00088	C3L-00088-21	Dead	694.0	1
C3N-01176	C3N-01176-25	Alive	1710.0	0
C3L-00792	C3L-00792-21	Alive	1419.0	0
C3L-01288	C3L-01288-23	Alive	1800.0	0
C3N-00194	C3N-00194-27	Alive	208.0	0
C3N-00380	C3N-00380-25	Alive	662.0	0
C3L-00910	C3L-00910-26	Alive	1797.0	0
C3N-00242	C3N-00242-22	Alive	1793.0	0
C3N-01261	C3N-01261-21	Alive	680.0	0
C3N-01524	C3N-01524-21	Alive	694.0	0
C3N-00494	C3N-00494-21	Alive	1786.0	0
C3L-01836	C3L-01836-21	Alive	1575.0	0
C3L-00004	C3L-00004-21	Alive	384.0	0
C3N-00310	C3N-00310-21	Dead	1623.0	1
C3N-01213	C3N-01213-22	Alive	654.0	0
C3L-00800	C3L-00800-21	Alive	344.0	0
C3N-01200	C3N-01200-21	Dead	47.0	1
C3N-00577	C3N-00577-24	Alive	397.0	0
C3N-01200	C3N-01200-26	Dead	47.0	1
C3L-01836	C3L-01836-23	Alive	1575.0	0
C3N-01808	C3N-01808-23	Alive	778.0	0
C3L-01281	C3L-01281-21	Alive	1779.0	0
C3N-00242	C3N-00242-26	Alive	1793.0	0
C3N-00310	C3N-00310-25	Dead	1623.0	1
C3L-00010	C3L-00010-21	Alive	896.0	0
C3N-00320	C3N-00320-24	Alive	1849.0	0
C3L-01313	C3L-01313-26	Dead	1229.0	1
C3L-01560	C3L-01560-21	Alive	250.0	0
C3L-00908	C3L-00908-26	Alive	1785.0	0
C3N-01808	C3N-01808-26	Alive	778.0	0
C3N-01220	C3N-01220-23	Dead	633.0	1
C3L-00097	C3L-00097-26	Alive	1735.0	0
C3N-00577	C3N-00577-21	Alive	397.0	0
C3L-00817	C3L-00817-21	Alive	1365.0	0
C3L-01286	C3L-01286-26	Dead	1028.0	1
C3N-00953	C3N-00953-23	Alive	1785.0	0
C3N-01214	C3N-01214-23	Alive	653.0	0
C3N-00168	C3N-00168-22	Alive	826.0	0
C3L-00103	C3L-00103-26	Dead	1659.0	1
C3N-00852	C3N-00852-26	Alive	620.0	0
C3N-01261	C3N-01261-26	Alive	680.0	0
C3N-00168	C3N-00168-26	Alive	826.0	0
C3L-00606	C3L-00606-26	Dead	1045.0	1
C3N-01213	C3N-01213-21	Alive	654.0	0
C3L-00447	C3L-00447-26	Alive	671.0	0
C3N-00495	C3N-00495-21	Alive	1779.0	0
C3N-01214	C3N-01214-21	Alive	653.0	0
C3L-01286	C3L-01286-21	Dead	1028.0	1
C3N-00953	C3N-00953-22	Alive	1785.0	0
C3L-00610	C3L-00610-21	Alive	1472.0	0
C3N-01522	C3N-01522-22	Alive	692.0	0
C3L-00011	C3L-00011-26	Dead	241.0	1
C3L-00581	C3L-00581-26	Dead	1230.0	1
C3N-00314	C3N-00314-21	Dead	126.0	1
C3N-00312	C3N-00312-23	Alive	1888.0	0
C3N-01522	C3N-01522-26	Alive	692.0	0
C3N-01200	C3N-01200-25	Dead	47.0	1
C3N-01524	C3N-01524-26	Alive	694.0	0
C3L-00583	C3L-00583-23	Alive	301.0	0
C3L-01607	C3L-01607-22	Alive	1794.0	0
C3N-00244	C3N-00244-22	Alive	728.0	0
C3L-00088	C3L-00088-22	Dead	694.0	1
C3N-00577	C3N-00577-23	Alive	397.0	0
C3L-00096	C3L-00096-21	Dead	71.0	1
C3N-01646	C3N-01646-22	Alive	1952.0	0
C3L-00902	C3L-00902-21	Alive	1791.0	0
C3N-01220	C3N-01220-22	Dead	633.0	1
C3L-01286	C3L-01286-22	Dead	1028.0	1
C3N-00244	C3N-00244-27	Alive	728.0	0
C3L-00369	C3L-00369-26	Dead	91.0	1
C3L-00416	C3L-00416-21	Alive	608.0	0
C3N-00831	C3N-00831-22	Dead	452.0	1
C3L-01607	C3L-01607-23	Alive	1794.0	0
C3N-00733	C3N-00733-27	Alive	1464.0	0
C3N-01213	C3N-01213-23	Alive	654.0	0
C3N-00380	C3N-00380-21	Alive	662.0	0
C3N-00491	C3N-00491-21	Dead	99.0	1
C3L-01882	C3L-01882-26	Alive	350.0	0
C3N-01179	C3N-01179-22	Alive	1816.0	0
C3N-00312	C3N-00312-21	Alive	1888.0	0
C3L-00583	C3L-00583-26	Alive	301.0	0
C3N-00310	C3N-00310-23	Dead	1623.0	1
C3N-01178	C3N-01178-25	Alive	1703.0	0
C3N-00194	C3N-00194-23	Alive	208.0	0
C3L-00606	C3L-00606-22	Dead	1045.0	1
C3L-00079	C3L-00079-21	Dead	274.0	1
C3L-00561	C3L-00561-21	Alive	1796.0	0
C3N-00320	C3N-00320-25	Alive	1849.0	0
C3L-00791	C3L-00791-22	Alive	708.0	0
C3L-00908	C3L-00908-23	Alive	1785.0	0
C3N-01649	C3N-01649-21	Alive	1943.0	0
C3L-00103	C3L-00103-23	Dead	1659.0	1
C3L-00815	C3L-00815	Alive	1318.0	0
C3L-01034	C3L-01034	Alive	1105.0	0
C3L-01459	C3L-01459	Alive	432.0	0
C3L-01462	C3L-01462	Alive	1519.0	0
C3L-01464	C3L-01464	Alive	1520.0	0
C3L-01465	C3L-01465	Alive	1393.0	0
C3L-01954	C3L-01954	Alive	55.0	0
C3L-01958	C3L-01958	Alive	1268.0	0
C3L-01976	C3L-01976	Alive	366.0	0
C3L-02841	C3L-02841	Alive	1062.0	0
C3N-00313	C3N-00313	Alive	1869.0	0
C3N-00435	C3N-00435	Alive	7.0	0
C3N-00492	C3N-00492	Alive	1792.0	0
C3N-01536	C3N-01536	Alive	686.0	0
C3N-01654	C3N-01654	Alive	1903.0	0
C3N-01828	C3N-01828	Alive	660.0	0
C3N-01902	C3N-01902	Dead	1170.0	1
C3N-01905	C3N-01905	Alive	1854.0	0
C3N-01989	C3N-01989	Alive	346.0	0
C3N-02015	C3N-02015	Alive	1383.0	0
C3N-02263	C3N-02263	Alive	1858.0	0
C3N-02265	C3N-02265	Alive	1840.0	0
C3N-02332	C3N-02332	Alive	741.0	0
C3N-02439	C3N-02439	Alive	1174.0	0
C3N-02440	C3N-02440	Dead	976.0	1
C3N-02723	C3N-02723	Dead	2.0	1
C3N-02811	C3N-02811	Alive	812.0	0
C3N-03018	C3N-03018	Alive	1829.0	0
C3N-03019	C3N-03019	Alive	1829.0	0
C3L-00165	C3L-00165-21	Alive	678.0	0
C3L-00165	C3L-00165-22	Alive	678.0	0
C3L-00165	C3L-00165-23	Alive	678.0	0
C3L-00165	C3L-00165-24	Alive	678.0	0
C3L-00165	C3L-00165-25	Alive	678.0	0
C3L-00165	C3L-00165-26	Alive	678.0	0
C3L-00359	C3L-00359-21	Dead	1779.0	1
C3L-00359	C3L-00359-22	Dead	1779.0	1
C3L-00359	C3L-00359-23	Dead	1779.0	1
C3L-00359	C3L-00359-26	Dead	1779.0	1
C3L-00789	C3L-00789-21	Alive	1591.0	0
C3L-00812	C3L-00812-21	Alive	8.0	0
C3L-00813	C3L-00813-21	Alive	13.0	0
C3L-00813	C3L-00813-22	Alive	13.0	0
C3L-00814	C3L-00814-21	Alive	15.0	0
C3L-00814	C3L-00814-22	Alive	15.0	0
C3L-00966	C3L-00966-21	Alive	1647.0	0
C3L-00966	C3L-00966-22	Alive	1647.0	0
C3L-00966	C3L-00966-23	Alive	1647.0	0
C3L-00966	C3L-00966-24	Alive	1647.0	0
C3L-00966	C3L-00966-25	Alive	1647.0	0
C3L-00966	C3L-00966-26	Alive	1647.0	0
C3L-00966	C3L-00966-27	Alive	1647.0	0
C3L-00968	C3L-00968-21	Dead	529.0	1
C3L-00968	C3L-00968-22	Dead	529.0	1
C3L-00968	C3L-00968-23	Dead	529.0	1
C3L-00968	C3L-00968-24	Dead	529.0	1
C3L-00968	C3L-00968-25	Dead	529.0	1
C3L-00968	C3L-00968-26	Dead	529.0	1
C3L-00968	C3L-00968-27	Dead	529.0	1
C3L-00969	C3L-00969-21	Alive	1604.0	0
C3L-00969	C3L-00969-22	Alive	1604.0	0
C3L-00969	C3L-00969-23	Alive	1604.0	0
C3L-00969	C3L-00969-24	Alive	1604.0	0
C3L-00969	C3L-00969-25	Alive	1604.0	0
C3L-00969	C3L-00969-26	Alive	1604.0	0
C3L-00969	C3L-00969-27	Alive	1604.0	0
C3L-00970	C3L-00970-21	Alive	415.0	0
C3L-00970	C3L-00970-22	Alive	415.0	0
C3L-00970	C3L-00970-23	Alive	415.0	0
C3L-00970	C3L-00970-24	Alive	415.0	0
C3L-00970	C3L-00970-25	Alive	415.0	0
C3L-00970	C3L-00970-26	Alive	415.0	0
C3L-00970	C3L-00970-27	Alive	415.0	0
C3L-00976	C3L-00976-22	Dead	896.0	1
C3L-00976	C3L-00976-23	Dead	896.0	1
C3L-00976	C3L-00976-24	Dead	896.0	1
C3L-00976	C3L-00976-28	Dead	896.0	1
C3L-00980	C3L-00980-22	Alive	271.0	0
C3L-00980	C3L-00980-26	Alive	271.0	0
C3L-00981	C3L-00981-21	Alive	271.0	0
C3L-00981	C3L-00981-26	Alive	271.0	0
C3L-00982	C3L-00982-21	Alive	294.0	0
C3L-00982	C3L-00982-22	Alive	294.0	0
C3L-00982	C3L-00982-23	Alive	294.0	0
C3L-00982	C3L-00982-24	Alive	294.0	0
C3L-00982	C3L-00982-26	Alive	294.0	0
C3L-00982	C3L-00982-27	Alive	294.0	0
C3L-00991	C3L-00991-21	Alive	336.0	0
C3L-00991	C3L-00991-22	Alive	336.0	0
C3L-00991	C3L-00991-23	Alive	336.0	0
C3L-00991	C3L-00991-24	Alive	336.0	0
C3L-00991	C3L-00991-26	Alive	336.0	0
C3L-00991	C3L-00991-27	Alive	336.0	0
C3L-01033	C3L-01033-22	Alive	1086.0	0
C3L-01033	C3L-01033-23	Alive	1086.0	0
C3L-01033	C3L-01033-25	Alive	1086.0	0
C3L-01102	C3L-01102-21	Alive	12.0	0
C3L-01102	C3L-01102-23	Alive	12.0	0
C3L-01102	C3L-01102-26	Alive	12.0	0
C3L-01106	C3L-01106-21	Dead	32.0	1
C3L-01106	C3L-01106-22	Dead	32.0	1
C3L-01106	C3L-01106-26	Dead	32.0	1
C3L-01107	C3L-01107-21	Alive	446.0	0
C3L-01107	C3L-01107-22	Alive	446.0	0
C3L-01107	C3L-01107-27	Alive	446.0	0
C3L-01279	C3L-01279-21	Alive	1793.0	0
C3L-01279	C3L-01279-22	Alive	1793.0	0
C3L-01279	C3L-01279-23	Alive	1793.0	0
C3L-01279	C3L-01279-26	Alive	1793.0	0
C3L-01470	C3L-01470-21	Alive	202.0	0
C3L-01470	C3L-01470-22	Alive	202.0	0
C3L-01665	C3L-01665-21	Dead	1175.0	1
C3L-01665	C3L-01665-23	Dead	1175.0	1
C3L-01665	C3L-01665-26	Dead	1175.0	1
C3L-01676	C3L-01676-21	Alive	1193.0	0
C3L-01676	C3L-01676-22	Alive	1193.0	0
C3L-01676	C3L-01676-23	Alive	1193.0	0
C3L-01676	C3L-01676-24	Alive	1193.0	0
C3L-01676	C3L-01676-25	Alive	1193.0	0
C3L-01676	C3L-01676-26	Alive	1193.0	0
C3L-01676	C3L-01676-27	Alive	1193.0	0
C3L-01681	C3L-01681-26	Dead	1534.0	1
C3L-01681	C3L-01681-27	Dead	1534.0	1
C3L-01681	C3L-01681-28	Dead	1534.0	1
C3L-01681	C3L-01681-29	Dead	1534.0	1
C3L-01869	C3L-01869-21	Alive	1766.0	0
C3L-01869	C3L-01869-22	Alive	1766.0	0
C3L-01869	C3L-01869-23	Alive	1766.0	0
C3L-01869	C3L-01869-26	Alive	1766.0	0
C3L-01929	C3L-01929-21	Alive	10.0	0
C3L-01951	C3L-01951-21	Alive	398.0	0
C3L-01951	C3L-01951-22	Alive	398.0	0
C3L-01952	C3L-01952-21	Alive	6.0	0
C3L-01963	C3L-01963-21	Alive	13.0	0
C3L-01978	C3L-01978-21	Alive	5.0	0
C3L-01978	C3L-01978-22	Alive	5.0	0
C3L-01978	C3L-01978-23	Alive	5.0	0
C3L-01978	C3L-01978-24	Alive	5.0	0
C3L-01978	C3L-01978-25	Alive	5.0	0
C3L-01978	C3L-01978-26	Alive	5.0	0
C3L-02175	C3L-02175-21	Alive	20.0	0
C3L-02175	C3L-02175-22	Alive	20.0	0
C3L-02176	C3L-02176-21	Alive	306.0	0
C3L-02176	C3L-02176-22	Alive	306.0	0
C3L-02177	C3L-02177-21	Alive	13.0	0
C3L-02179		Alive	738.0	0
C3L-02201	C3L-02201-21	Alive	1067.0	0
C3L-02201	C3L-02201-22	Alive	1067.0	0
C3L-02202	C3L-02202-21	Alive	962.0	0
C3L-02204		Alive	1096.0	0
C3L-02208	C3L-02208-21	Alive	1080.0	0
C3L-02208	C3L-02208-22	Alive	1080.0	0
C3L-02211	C3L-02211-21	Dead	330.0	1
C3L-02211	C3L-02211-22	Dead	330.0	1
C3L-02214	C3L-02214-21	Alive	44.0	0
C3L-02214	C3L-02214-22	Alive	44.0	0
C3L-02220	C3L-02220-21	Alive	709.0	0
C3L-02220	C3L-02220-22	Alive	709.0	0
C3L-02220	C3L-02220-23	Alive	709.0	0
C3L-02220	C3L-02220-26	Alive	709.0	0
C3L-02346	C3L-02346-21	Dead	999.0	1
C3L-02346	C3L-02346-22	Dead	999.0	1
C3L-02346	C3L-02346-23	Dead	999.0	1
C3L-02346	C3L-02346-26	Dead	999.0	1
C3L-02352	C3L-02352-21	Alive	1766.0	0
C3L-02352	C3L-02352-22	Alive	1766.0	0
C3L-02352	C3L-02352-26	Alive	1766.0	0
C3L-02364	C3L-02364-21	Alive	1785.0	0
C3L-02364	C3L-02364-22	Alive	1785.0	0
C3L-02364	C3L-02364-26	Alive	1785.0	0
C3L-02544	C3L-02544-21	Dead	912.0	1
C3L-02544	C3L-02544-22	Dead	912.0	1
C3L-02544	C3L-02544-23	Dead	912.0	1
C3L-02544	C3L-02544-26	Dead	912.0	1
C3L-02551	C3L-02551-21	Alive	1742.0	0
C3L-02551	C3L-02551-22	Alive	1742.0	0
C3L-02551	C3L-02551-23	Alive	1742.0	0
C3L-02551	C3L-02551-26	Alive	1742.0	0
C3L-02553	C3L-02553-21	Alive	1793.0	0
C3L-02556	C3L-02556-21	Alive	562.0	0
C3L-02556	C3L-02556-23	Alive	562.0	0
C3L-02556	C3L-02556-26	Alive	562.0	0
C3L-02842	C3L-02842-21	Alive	1112.0	0
C3L-02842	C3L-02842-22	Alive	1112.0	0
C3L-02856	C3L-02856-21	Alive	15.0	0
C3L-02856	C3L-02856-22	Alive	15.0	0
C3L-02857	C3L-02857-21	Alive	13.0	0
C3L-02857	C3L-02857-22	Alive	13.0	0
C3L-02860		Alive	734.0	0
C3N-00317	C3N-00317-21	Dead	1363.0	1
C3N-00317	C3N-00317-22	Dead	1363.0	1
C3N-00317	C3N-00317-23	Dead	1363.0	1
C3N-00317	C3N-00317-24	Dead	1363.0	1
C3N-00317	C3N-00317-25	Dead	1363.0	1
C3N-00496		Alive	1758.0	0
C3N-00573	C3N-00573-21	Alive	6.0	0
C3N-00573	C3N-00573-22	Alive	6.0	0
C3N-00573	C3N-00573-23	Alive	6.0	0
C3N-00573	C3N-00573-24	Alive	6.0	0
C3N-00573	C3N-00573-26	Alive	6.0	0
C3N-00573	C3N-00573-27	Alive	6.0	0
C3N-00832	C3N-00832-21	Alive	1770.0	0
C3N-01175	C3N-01175-21	Alive	1714.0	0
C3N-01175	C3N-01175-25	Alive	1714.0	0
C3N-01180	C3N-01180-21	Alive	1815.0	0
C3N-01180	C3N-01180-22	Alive	1815.0	0
C3N-01650		Alive	1949.0	0
C3N-01653		Dead	76.0	1
C3N-01655		Alive	1894.0	0
C3N-01656	C3N-01656-21	Alive	1880.0	0
C3N-01656	C3N-01656-22	Alive	1880.0	0
C3N-01656	C3N-01656-27	Alive	1880.0	0
C3N-01657	C3N-01657-21	Alive	1880.0	0
C3N-01657	C3N-01657-23	Alive	1880.0	0
C3N-01803		Alive	157.0	0
C3N-01806	C3N-01806-21	Alive	1292.0	0
C3N-01806	C3N-01806-22	Alive	1292.0	0
C3N-01806	C3N-01806-23	Alive	1292.0	0
C3N-01806	C3N-01806-26	Alive	1292.0	0
C3N-01806	C3N-01806-27	Alive	1292.0	0
C3N-02005	C3N-02005-21	Alive	345.0	0
C3N-02005	C3N-02005-22	Alive	345.0	0
C3N-02005	C3N-02005-23	Alive	345.0	0
C3N-02063	C3N-02063-21	Alive	13.0	0
C3N-02063	C3N-02063-22	Alive	13.0	0
C3N-02063	C3N-02063-23	Alive	13.0	0
C3N-02066	C3N-02066-21	Alive	358.0	0
C3N-02066	C3N-02066-22	Alive	358.0	0
C3N-02066	C3N-02066-23	Alive	358.0	0
C3N-02068	C3N-02068-21	Alive	345.0	0
C3N-02068	C3N-02068-22	Alive	345.0	0
C3N-02068	C3N-02068-23	Alive	345.0	0
C3N-02070	C3N-02070-21	Alive	352.0	0
C3N-02070	C3N-02070-22	Alive	352.0	0
C3N-02070	C3N-02070-23	Alive	352.0	0
C3N-02082	C3N-02082-21	Alive	352.0	0
C3N-02082	C3N-02082-22	Alive	352.0	0
C3N-02082	C3N-02082-23	Alive	352.0	0
C3N-02084	C3N-02084-21	Alive	352.0	0
C3N-02084	C3N-02084-22	Alive	352.0	0
C3N-02084	C3N-02084-23	Alive	352.0	0
C3N-02085	C3N-02085-21	Alive	352.0	0
C3N-02085	C3N-02085-22	Alive	352.0	0
C3N-02085	C3N-02085-23	Alive	352.0	0
C3N-02262	C3N-02262-21	Alive	1852.0	0
C3N-02262	C3N-02262-22	Alive	1852.0	0
C3N-02264	C3N-02264-21	Alive	1947.0	0
C3N-02264	C3N-02264-22	Alive	1947.0	0
C3N-02266	C3N-02266-21	Alive	1834.0	0
C3N-02338	C3N-02338-21	Alive	10.0	0
C3N-02338	C3N-02338-22	Alive	10.0	0
C3N-02338	C3N-02338-23	Alive	10.0	0
C3N-02429	C3N-02429-21	Alive	1782.0	0
C3N-02429	C3N-02429-22	Alive	1782.0	0
C3N-02429	C3N-02429-23	Alive	1782.0	0
C3N-02431	C3N-02431-21	Alive	1789.0	0
C3N-02431	C3N-02431-22	Alive	1789.0	0
C3N-02431	C3N-02431-23	Alive	1789.0	0
C3N-02577	C3N-02577-21	Alive	1814.0	0
C3N-02577	C3N-02577-22	Alive	1814.0	0
C3N-02577	C3N-02577-23	Alive	1814.0	0
C3N-02726	C3N-02726-21	Alive	306.0	0
C3N-02726	C3N-02726-22	Alive	306.0	0
C3N-02726	C3N-02726-23	Alive	306.0	0
C3N-02726	C3N-02726-26	Alive	306.0	0
C3N-02761	C3N-02761-21	Alive	1926.0	0
C3N-02761	C3N-02761-22	Alive	1926.0	0
C3N-02761	C3N-02761-23	Alive	1926.0	0
C3N-02763	C3N-02763-21	Alive	1906.0	0
C3N-02763	C3N-02763-22	Alive	1906.0	0
C3N-02763	C3N-02763-23	Alive	1906.0	0
C3N-02945	C3N-02945-21	Alive	95.0	0
C3N-02945	C3N-02945-22	Alive	95.0	0
C3N-02945	C3N-02945-23	Alive	95.0	0
C3N-02945	C3N-02945-26	Alive	95.0	0
C3N-02945	C3N-02945-27	Alive	95.0	0
C3N-03020	C3N-03020-22	Dead	1210.0	1
C3N-03021	C3N-03021-24	Alive	1825.0	0
