train,test
TCGA-3M-AB47,TCGA-3M-AB46
TCGA-B7-5816,TCGA-BR-4191
TCGA-B7-5818,TCGA-BR-6458
TCGA-B7-A5TI,TCGA-BR-6564
TCGA-B7-A5TJ,TCGA-BR-6565
TCGA-B7-A5TK,TCGA-BR-6566
TCGA-B7-A5TN,TCGA-BR-6706
TCGA-BR-4183,TCGA-BR-6852
TCGA-BR-4184,TCGA-BR-7704
TCGA-BR-4187,TCGA-BR-7716
TCGA-BR-4188,TCGA-BR-7723
TCGA-BR-4201,TCGA-BR-8060
TCGA-BR-4253,TCGA-BR-8077
TCGA-BR-4255,TCGA-BR-8078
TCGA-BR-4256,TCGA-BR-8291
TCGA-BR-4257,TCGA-BR-8362
TCGA-BR-4267,TCGA-BR-8373
TCGA-BR-4279,TCGA-BR-8380
TCGA-BR-4280,TCGA-BR-8485
TCGA-BR-4369,TCGA-BR-8588
TCGA-BR-6452,TCGA-BR-8679
TCGA-BR-6453,TCGA-BR-8683
TCGA-BR-6455,TCGA-BR-8690
TCGA-BR-6456,TCGA-BR-A44U
TCGA-BR-6457,TCGA-BR-A4CQ
TCGA-BR-6563,TCGA-BR-A4J2
TCGA-BR-6705,TCGA-BR-A4J6
TCGA-BR-6707,TCGA-BR-A4J9
TCGA-BR-6709,TCGA-CD-5802
TCGA-BR-6710,TCGA-CD-5813
TCGA-BR-6801,TCGA-CD-8526
TCGA-BR-6802,TCGA-CD-8533
TCGA-BR-6803,TCGA-CD-8535
TCGA-BR-7196,TCGA-CD-A489
TCGA-BR-7197,TCGA-CD-A48C
TCGA-BR-7703,TCGA-CD-A4MG
TCGA-BR-7707,TCGA-CG-4305
TCGA-BR-7715,TCGA-CG-4443
TCGA-BR-7717,TCGA-CG-5723
TCGA-BR-7722,TCGA-CG-5724
TCGA-BR-7851,TCGA-CG-5725
TCGA-BR-7901,TCGA-D7-6519
TCGA-BR-7957,TCGA-D7-6524
TCGA-BR-7958,TCGA-D7-6815
TCGA-BR-7959,TCGA-D7-6820
TCGA-BR-8058,TCGA-D7-A6EY
TCGA-BR-8059,TCGA-D7-A74B
TCGA-BR-8080,TCGA-F1-6875
TCGA-BR-8081,TCGA-FP-7998
TCGA-BR-8284,TCGA-FP-8211
TCGA-BR-8285,TCGA-HU-8238
TCGA-BR-8286,TCGA-HU-8243
TCGA-BR-8289,TCGA-HU-A4G2
TCGA-BR-8295,TCGA-HU-A4G9
TCGA-BR-8296,TCGA-HU-A4GF
TCGA-BR-8297,TCGA-HU-A4GP
TCGA-BR-8360,TCGA-HU-A4GY
TCGA-BR-8361,TCGA-HU-A4H0
TCGA-BR-8363,TCGA-HU-A4HD
TCGA-BR-8364,TCGA-IN-8462
TCGA-BR-8365,TCGA-IN-A6RN
TCGA-BR-8366,TCGA-IN-A6RO
TCGA-BR-8367,TCGA-IN-A6RP
TCGA-BR-8368,TCGA-IN-A7NR
TCGA-BR-8369,TCGA-IN-AB1V
TCGA-BR-8370,TCGA-IP-7968
TCGA-BR-8371,TCGA-KB-A93H
TCGA-BR-8372,TCGA-MX-A666
TCGA-BR-8381,TCGA-R5-A7ZF
TCGA-BR-8382,TCGA-R5-A804
TCGA-BR-8384,TCGA-RD-A7C1
TCGA-BR-8483,TCGA-RD-A8MW
TCGA-BR-8484,TCGA-RD-A8N5
TCGA-BR-8486,TCGA-RD-A8N6
TCGA-BR-8487,TCGA-RD-A8N9
TCGA-BR-8589,TCGA-VQ-A8DT
TCGA-BR-8590,TCGA-VQ-A8DV
TCGA-BR-8591,TCGA-VQ-A8PC
TCGA-BR-8592,TCGA-VQ-A8PS
TCGA-BR-8676,TCGA-VQ-A8PX
TCGA-BR-8677,TCGA-VQ-A91S
TCGA-BR-8678,TCGA-VQ-A91Y
TCGA-BR-8680,TCGA-VQ-A927
TCGA-BR-8682,TCGA-VQ-A94P
TCGA-BR-8686,TCGA-VQ-AA6F
TCGA-BR-8687,TCGA-ZQ-A9CR
TCGA-BR-A44T,
TCGA-BR-A452,
TCGA-BR-A453,
TCGA-BR-A4CR,
TCGA-BR-A4CS,
TCGA-BR-A4IU,
TCGA-BR-A4IV,
TCGA-BR-A4IY,
TCGA-BR-A4IZ,
TCGA-BR-A4J1,
TCGA-BR-A4J4,
TCGA-BR-A4J5,
TCGA-BR-A4J7,
TCGA-BR-A4J8,
TCGA-BR-A4PD,
TCGA-BR-A4PE,
TCGA-BR-A4PF,
TCGA-BR-A4QI,
TCGA-BR-A4QL,
TCGA-BR-A4QM,
TCGA-CD-5798,
TCGA-CD-5799,
TCGA-CD-5800,
TCGA-CD-5801,
TCGA-CD-5803,
TCGA-CD-5804,
TCGA-CD-8524,
TCGA-CD-8525,
TCGA-CD-8527,
TCGA-CD-8528,
TCGA-CD-8529,
TCGA-CD-8530,
TCGA-CD-8531,
TCGA-CD-8532,
TCGA-CD-8534,
TCGA-CD-8536,
TCGA-CD-A486,
TCGA-CD-A487,
TCGA-CD-A48A,
TCGA-CD-A4MH,
TCGA-CD-A4MI,
TCGA-CD-A4MJ,
TCGA-CG-4300,
TCGA-CG-4301,
TCGA-CG-4304,
TCGA-CG-4306,
TCGA-CG-4436,
TCGA-CG-4437,
TCGA-CG-4438,
TCGA-CG-4440,
TCGA-CG-4441,
TCGA-CG-4444,
TCGA-CG-4449,
TCGA-CG-4455,
TCGA-CG-4460,
TCGA-CG-4465,
TCGA-CG-4466,
TCGA-CG-4469,
TCGA-CG-4472,
TCGA-CG-4475,
TCGA-CG-4477,
TCGA-CG-5717,
TCGA-CG-5718,
TCGA-CG-5719,
TCGA-CG-5720,
TCGA-CG-5721,
TCGA-CG-5722,
TCGA-CG-5726,
TCGA-CG-5727,
TCGA-CG-5728,
TCGA-CG-5730,
TCGA-CG-5732,
TCGA-CG-5733,
TCGA-CG-5734,
TCGA-D7-5577,
TCGA-D7-5578,
TCGA-D7-5579,
TCGA-D7-6518,
TCGA-D7-6520,
TCGA-D7-6521,
TCGA-D7-6522,
TCGA-D7-6525,
TCGA-D7-6526,
TCGA-D7-6527,
TCGA-D7-6528,
TCGA-D7-6817,
TCGA-D7-6818,
TCGA-D7-6822,
TCGA-D7-8570,
TCGA-D7-8572,
TCGA-D7-8573,
TCGA-D7-8574,
TCGA-D7-8575,
TCGA-D7-8576,
TCGA-D7-8578,
TCGA-D7-8579,
TCGA-D7-A4YT,
TCGA-D7-A4YU,
TCGA-D7-A4YV,
TCGA-D7-A4YX,
TCGA-D7-A4YY,
TCGA-D7-A4Z0,
TCGA-D7-A6ET,
TCGA-D7-A6EV,
TCGA-D7-A6EX,
TCGA-D7-A6EZ,
TCGA-D7-A6F0,
TCGA-D7-A6F2,
TCGA-D7-A747,
TCGA-D7-A748,
TCGA-D7-A74A,
TCGA-EQ-5647,
TCGA-EQ-8122,
TCGA-EQ-A4SO,
TCGA-F1-6177,
TCGA-F1-6874,
TCGA-F1-A448,
TCGA-F1-A72C,
TCGA-FP-7735,
TCGA-FP-7829,
TCGA-FP-7916,
TCGA-FP-8099,
TCGA-FP-8209,
TCGA-FP-8210,
TCGA-FP-8631,
TCGA-FP-A4BE,
TCGA-FP-A4BF,
TCGA-FP-A8CX,
TCGA-FP-A9TM,
TCGA-HF-7131,
TCGA-HF-7132,
TCGA-HF-7133,
TCGA-HF-7134,
TCGA-HF-7136,
TCGA-HF-A5NB,
TCGA-HJ-7597,
TCGA-HU-8244,
TCGA-HU-8245,
TCGA-HU-8249,
TCGA-HU-8602,
TCGA-HU-8604,
TCGA-HU-8608,
TCGA-HU-8610,
TCGA-HU-A4G3,
TCGA-HU-A4G6,
TCGA-HU-A4G8,
TCGA-HU-A4GC,
TCGA-HU-A4GD,
TCGA-HU-A4GH,
TCGA-HU-A4GJ,
TCGA-HU-A4GN,
TCGA-HU-A4GQ,
TCGA-HU-A4GT,
TCGA-HU-A4GU,
TCGA-HU-A4GX,
TCGA-HU-A4H2,
TCGA-HU-A4H3,
TCGA-HU-A4H4,
TCGA-HU-A4H5,
TCGA-HU-A4H6,
TCGA-HU-A4H8,
TCGA-HU-A4HB,
TCGA-IN-7806,
TCGA-IN-7808,
TCGA-IN-8663,
TCGA-IN-A6RI,
TCGA-IN-A6RJ,
TCGA-IN-A6RL,
TCGA-IN-A6RR,
TCGA-IN-A6RS,
TCGA-IN-A7NT,
TCGA-IN-A7NU,
TCGA-IN-AB1X,
TCGA-KB-A6F5,
TCGA-KB-A6F7,
TCGA-KB-A93G,
TCGA-KB-A93J,
TCGA-MX-A5UG,
TCGA-MX-A5UJ,
TCGA-MX-A663,
TCGA-R5-A7O7,
TCGA-R5-A7ZE,
TCGA-R5-A7ZI,
TCGA-R5-A7ZR,
TCGA-R5-A805,
TCGA-RD-A7BS,
TCGA-RD-A7BT,
TCGA-RD-A7BW,
TCGA-RD-A8MV,
TCGA-RD-A8N0,
TCGA-RD-A8N1,
TCGA-RD-A8N2,
TCGA-RD-A8N4,
TCGA-RD-A8NB,
TCGA-SW-A7EA,
TCGA-SW-A7EB,
TCGA-VQ-A8DL,
TCGA-VQ-A8DU,
TCGA-VQ-A8DZ,
TCGA-VQ-A8E0,
TCGA-VQ-A8E2,
TCGA-VQ-A8E3,
TCGA-VQ-A8E7,
TCGA-VQ-A8P2,
TCGA-VQ-A8P3,
TCGA-VQ-A8P5,
TCGA-VQ-A8P8,
TCGA-VQ-A8PB,
TCGA-VQ-A8PD,
TCGA-VQ-A8PE,
TCGA-VQ-A8PF,
TCGA-VQ-A8PH,
TCGA-VQ-A8PJ,
TCGA-VQ-A8PK,
TCGA-VQ-A8PM,
TCGA-VQ-A8PO,
TCGA-VQ-A8PP,
TCGA-VQ-A8PQ,
TCGA-VQ-A8PT,
TCGA-VQ-A8PU,
TCGA-VQ-A8PY,
TCGA-VQ-A8PZ,
TCGA-VQ-A91A,
TCGA-VQ-A91D,
TCGA-VQ-A91E,
TCGA-VQ-A91K,
TCGA-VQ-A91N,
TCGA-VQ-A91Q,
TCGA-VQ-A91U,
TCGA-VQ-A91V,
TCGA-VQ-A91W,
TCGA-VQ-A91X,
TCGA-VQ-A91Z,
TCGA-VQ-A922,
TCGA-VQ-A923,
TCGA-VQ-A924,
TCGA-VQ-A925,
TCGA-VQ-A928,
TCGA-VQ-A92D,
TCGA-VQ-A94O,
TCGA-VQ-A94R,
TCGA-VQ-A94T,
TCGA-VQ-A94U,
TCGA-VQ-AA64,
TCGA-VQ-AA68,
TCGA-VQ-AA69,
TCGA-VQ-AA6A,
TCGA-VQ-AA6B,
TCGA-VQ-AA6D,
TCGA-VQ-AA6G,
TCGA-VQ-AA6I,
TCGA-VQ-AA6J,
TCGA-VQ-AA6K,
TCGA-ZA-A8F6,
