combination,dataset,patients,events,min_test_events,max_test_events
WSI,all,690,196,38,41
WSI,CPTAC,199,33,6,7
WSI,TCGA_KIRC,491,163,31,35
Genomics,all,739,210,42,42
Genomics,CPTAC,208,35,7,7
Genomics,TCGA_KIRC,531,175,35,35
CT,all,248,55,10,12
CT,CPTAC,52,6,1,2
CT,TCGA_KIRC,196,49,9,10
MRI,all,53,18,3,4
MRI,CPTAC,6,0,0,0
MRI,TCGA_KIRC,47,18,3,4
Clinical,all,597,201,40,41
Clinical,CPTAC,168,32,6,7
Clinical,TCGA_KIRC,429,169,33,34
WSI+Genomics,all,742,212,42,43
WSI+Genomics,CPTAC,208,35,7,7
WSI+Genomics,TCGA_KIRC,534,177,35,36
WSI+CT,all,718,202,39,42
WSI+CT,CPTAC,200,34,6,7
WSI+CT,TCGA_KIRC,518,168,32,36
WSI+MRI,all,701,198,39,41
WSI+MRI,CPTAC,200,33,6,7
WSI+MRI,TCGA_KIRC,501,165,32,35
WSI+Clinical,all,725,210,42,42
WSI+Clinical,CPTAC,200,33,6,7
WSI+Clinical,TCGA_KIRC,525,177,35,36
Genomics+CT,all,740,210,42,42
Genomics+CT,CPTAC,208,35,7,7
Genomics+CT,TCGA_KIRC,532,175,35,35
Genomics+MRI,all,739,210,42,42
Genomics+MRI,CPTAC,208,35,7,7
Genomics+MRI,TCGA_KIRC,531,175,35,35
Genomics+Clinical,all,743,212,42,43
Genomics+Clinical,CPTAC,208,35,7,7
Genomics+Clinical,TCGA_KIRC,535,177,35,36
CT+MRI,all,274,67,13,14
CT+MRI,CPTAC,55,6,1,2
CT+MRI,TCGA_KIRC,219,61,12,13
CT+Clinical,all,632,203,40,41
CT+Clinical,CPTAC,171,33,6,7
CT+Clinical,TCGA_KIRC,461,170,34,34
MRI+Clinical,all,608,201,40,41
MRI+Clinical,CPTAC,169,32,6,7
MRI+Clinical,TCGA_KIRC,439,169,33,34
WSI+Genomics+CT,all,743,212,42,43
WSI+Genomics+CT,CPTAC,208,35,7,7
WSI+Genomics+CT,TCGA_KIRC,535,177,35,36
WSI+Genomics+MRI,all,742,212,42,43
WSI+Genomics+MRI,CPTAC,208,35,7,7
WSI+Genomics+MRI,TCGA_KIRC,534,177,35,36
WSI+Genomics+Clinical,all,743,212,42,43
WSI+Genomics+Clinical,CPTAC,208,35,7,7
WSI+Genomics+Clinical,TCGA_KIRC,535,177,35,36
WSI+CT+MRI,all,722,204,40,42
WSI+CT+MRI,CPTAC,201,34,6,7
WSI+CT+MRI,TCGA_KIRC,521,170,33,36
WSI+CT+Clinical,all,733,211,42,43
WSI+CT+Clinical,CPTAC,201,34,6,7
WSI+CT+Clinical,TCGA_KIRC,532,177,35,36
WSI+MRI+Clinical,all,728,210,42,42
WSI+MRI+Clinical,CPTAC,201,33,6,7
WSI+MRI+Clinical,TCGA_KIRC,527,177,35,36
Genomics+CT+MRI,all,740,210,42,42
Genomics+CT+MRI,CPTAC,208,35,7,7
Genomics+CT+MRI,TCGA_KIRC,532,175,35,35
Genomics+CT+Clinical,all,743,212,42,43
Genomics+CT+Clinical,CPTAC,208,35,7,7
Genomics+CT+Clinical,TCGA_KIRC,535,177,35,36
Genomics+MRI+Clinical,all,743,212,42,43
Genomics+MRI+Clinical,CPTAC,208,35,7,7
Genomics+MRI+Clinical,TCGA_KIRC,535,177,35,36
CT+MRI+Clinical,all,636,203,40,41
CT+MRI+Clinical,CPTAC,172,33,6,7
CT+MRI+Clinical,TCGA_KIRC,464,170,34,34
WSI+Genomics+CT+MRI,all,743,212,42,43
WSI+Genomics+CT+MRI,CPTAC,208,35,7,7
WSI+Genomics+CT+MRI,TCGA_KIRC,535,177,35,36
WSI+Genomics+CT+Clinical,all,743,212,42,43
WSI+Genomics+CT+Clinical,CPTAC,208,35,7,7
WSI+Genomics+CT+Clinical,TCGA_KIRC,535,177,35,36
WSI+Genomics+MRI+Clinical,all,743,212,42,43
WSI+Genomics+MRI+Clinical,CPTAC,208,35,7,7
WSI+Genomics+MRI+Clinical,TCGA_KIRC,535,177,35,36
WSI+CT+MRI+Clinical,all,734,211,42,43
WSI+CT+MRI+Clinical,CPTAC,202,34,6,7
WSI+CT+MRI+Clinical,TCGA_KIRC,532,177,35,36
Genomics+CT+MRI+Clinical,all,743,212,42,43
Genomics+CT+MRI+Clinical,CPTAC,208,35,7,7
Genomics+CT+MRI+Clinical,TCGA_KIRC,535,177,35,36
WSI+Genomics+CT+MRI+Clinical,all,743,212,42,43
WSI+Genomics+CT+MRI+Clinical,CPTAC,208,35,7,7
WSI+Genomics+CT+MRI+Clinical,TCGA_KIRC,535,177,35,36
